category,axis_label,most_preferred_candidate,n_frames,mean_probability,probability_ci_low,probability_ci_high,top_choice_count,top_choice_rate,mean_rank,friedman_chi2,friedman_p_holm,kendalls_w,preference_concentration,significant_0_05
L1_physical,Physical (L1),USB,25,0.4952740161142106,0.3801554020400415,0.6067566213035832,16,0.64,1.48,41.30400000000003,5.636939343635625e-09,0.5507200000000004,0.44925960665229825,True
L2_data_link,Data Link (L2),Wi-Fi,25,0.9683985565201715,0.9606342274394324,0.9755849788742529,25,1.0,1.0,68.37600000000003,6.65346617084716e-14,0.9116800000000005,0.8912400273265269,True
L3_network,Network (L3),ICMP,25,0.9924703134681288,0.9912730727944097,0.993558859252861,25,1.0,1.0,59.400000000000034,3.1585099109762206e-12,0.7920000000000005,0.9639199227898564,True
L4_transport,Transport (L4),SCTP,25,0.9379116832546511,0.9180396049251481,0.9563013703595922,25,1.0,1.0,50.615999999999985,1.1812137089298033e-10,0.6748799999999998,0.8068076232473538,True
L5_session,Session (L5),NFS,25,0.6296770136857461,0.5451186476360464,0.7045823824767318,20,0.8,1.2,62.23200000000003,9.800033559933155e-13,0.8297600000000004,0.44856422172596067,True
L6_presentation,Presentation (L6),SSL/TLS,25,0.9984179248038526,0.9962559566387793,0.9996693280677389,25,1.0,1.0,70.536,2.6216145947764323e-14,0.94048,0.9933765624487434,True
L7_application,Application (L7),SMTP,25,0.9465996608846281,0.9286256766137192,0.9620827162657648,25,1.0,1.0,64.344,4.157402775999628e-13,0.8579199999999999,0.8515514503426678,True
X_cloud_development,Cloud Development,Kubernetes,25,0.9943097369686603,0.9869496257052766,0.9987169517535835,25,1.0,1.0,60.54399999999998,6.688278609858314e-12,0.6054399999999999,0.9825309567190866,True
X_database,Databases,Redis,25,0.4462344203989801,0.41206811749437877,0.478117784662425,20,0.8,1.2,96.03200000000004,7.562174757115687e-19,0.9603200000000004,0.33119543726647105,True
X_ide,Development Environments,Visual Studio,25,0.6894668506032627,0.6402431479376417,0.7343435167798618,24,0.96,1.04,97.63200000000006,3.7673040300189543e-19,0.9763200000000006,0.5221586948899908,True
X_language,Languages,HTML/CSS,25,0.9396492076501474,0.9260988426626704,0.9517216106324243,25,1.0,1.0,89.72800000000007,1.504126257031905e-17,0.8972800000000006,0.8441447893618022,True
X_web_technology,Web Technologies,Node.js,25,0.9931846379810034,0.9916430322662987,0.9944619044300275,25,1.0,1.0,87.64800000000002,3.7431027077408635e-17,0.8764800000000003,0.97184965100724,True
