category,axis_label,candidate,n_frames,mean_probability,probability_ci_low,probability_ci_high,top_choice_count,top_choice_rate,top_choice_ci_low,top_choice_ci_high,mean_rank,mean_logprob,mean_delta_from_best_logscore,mean_candidate_token_count
L1_physical,Physical (L1),USB,25,0.4952740161142106,0.3801554020400415,0.6067566213035832,16,0.64,0.44,0.84,1.48,-5.885193853378296,-0.6676111555099488,1.0
L1_physical,Physical (L1),Ethernet,25,0.3909062665087124,0.2736440117137517,0.5089444002932225,9,0.36,0.16,0.56,1.96,-6.222775626182556,-1.005192928314209,1.0
L1_physical,Physical (L1),Bluetooth,25,0.07339884878524144,0.05142945882203719,0.09760168786148486,0,0.0,0.0,0.0,2.96,-7.849161319732666,-2.631578621864319,1.0
L1_physical,Physical (L1),NFC,25,0.04042086859183547,0.02076642910381751,0.06552505803429261,0,0.0,0.0,0.0,3.6,-8.955219783782958,-3.7376370859146117,1.0
L2_data_link,Data Link (L2),Wi-Fi,25,0.9683985565201715,0.9606342274394324,0.9755849788742529,25,1.0,1.0,1.0,1.0,-0.86449870377779,0.0,3.0
L2_data_link,Data Link (L2),PPP,25,0.02082277947912933,0.015619360187357486,0.026601700293523368,0,0.0,0.0,0.0,2.16,-4.9054870653152465,-4.040988361537456,2.0
L2_data_link,Data Link (L2),Ethernet,25,0.01032437922830624,0.005282383047751554,0.016255841660111257,0,0.0,0.0,0.0,2.92,-6.321897678375244,-5.457398974597453,1.0
L2_data_link,Data Link (L2),HDLC,25,0.0004542847723928814,0.00033746432898609406,0.0006040755777843126,0,0.0,0.0,0.0,3.92,-8.751622829437256,-7.887124125659466,2.0
L3_network,Network (L3),ICMP,25,0.9924703134681288,0.9912730727944097,0.993558859252861,25,1.0,1.0,1.0,1.0,-1.1976109120249747,0.0,2.0
L3_network,Network (L3),IP,25,0.0039021820917609297,0.0027954382632462763,0.00515667398891404,0,0.0,0.0,0.0,2.6,-7.0802020072937015,-5.882591095268726,1.0
L3_network,Network (L3),IGMP,25,0.0025283744349341476,0.0020992651597868625,0.002971998688779224,0,0.0,0.0,0.0,2.6,-7.307634420394898,-6.110023508369923,2.0
L3_network,Network (L3),IPsec,25,0.0010991300051762323,0.000746208390570178,0.0015619463498594576,0,0.0,0.0,0.0,3.8,-8.304343037605285,-7.106732125580311,2.0
L4_transport,Transport (L4),SCTP,25,0.9379116832546511,0.9180396049251481,0.9563013703595922,25,1.0,1.0,1.0,1.0,-1.3009777095913888,0.0,3.0
L4_transport,Transport (L4),UDP,25,0.023928147373297223,0.01568439008446353,0.03302539592114626,0,0.0,0.0,0.0,2.64,-5.70510537147522,-4.404127661883831,1.0
L4_transport,Transport (L4),QUIC,25,0.019105810135995535,0.013908497399178828,0.025332211328692587,0,0.0,0.0,0.0,2.88,-5.479658432006836,-4.178680722415447,2.0
L4_transport,Transport (L4),TCP,25,0.019054359236056244,0.008866128149139127,0.030651115268977267,0,0.0,0.0,0.0,3.48,-6.439129724502563,-5.138152014911174,1.0
L5_session,Session (L5),NFS,25,0.6296770136857461,0.5451186476360464,0.7045823824767318,20,0.8,0.64,0.96,1.2,-2.784121788740158,-0.16053273200988769,2.0
L5_session,Session (L5),SMB,25,0.2904497539399,0.22335077306989257,0.36689726631642733,4,0.16,0.04,0.32,1.88,-3.64396520614624,-1.0203761494159698,2.0
L5_session,Session (L5),NetBIOS,25,0.047244489722436306,0.036296075655888174,0.05995684340883556,0,0.0,0.0,0.0,3.12,-5.44473474184672,-2.8211456851164503,3.0
L5_session,Session (L5),RPC,25,0.03262874265191759,0.011619932886073395,0.0661424164203324,1,0.04,0.0,0.12,3.8,-6.968577289581299,-4.344988232851028,1.0
L6_presentation,Presentation (L6),SSL/TLS,25,0.9984179248038526,0.9962559566387793,0.9996693280677389,25,1.0,1.0,1.0,1.0,-0.1770773712778464,0.0,4.0
L6_presentation,Presentation (L6),ASCII,25,0.0015172487907635218,0.0002674238661045345,0.0036794962140184904,0,0.0,0.0,0.0,2.04,-8.884751358032226,-8.70767398675438,1.0
L6_presentation,Presentation (L6),JPEG,25,6.140859937319136e-05,3.360273973607904e-05,9.294384032120022e-05,0,0.0,0.0,0.0,3.08,-11.263640975952148,-11.086563604674302,1.0
L6_presentation,Presentation (L6),MPEG,25,3.4178060105309953e-06,1.9055936971957533e-06,5.340555614707143e-06,0,0.0,0.0,0.0,3.88,-13.669570274353028,-13.492492903075181,1.0
L7_application,Application (L7),SMTP,25,0.9465996608846281,0.9286256766137192,0.9620827162657648,25,1.0,1.0,1.0,1.0,-1.1642786259949207,0.0,2.0
L7_application,Application (L7),HTTP,25,0.04858905152994409,0.03287684017164945,0.06698875159713756,0,0.0,0.0,0.0,2.08,-4.602528791427613,-3.4382501654326916,1.0
L7_application,Application (L7),FTP,25,0.002182007899882751,0.0014098521923946322,0.0030041131756493467,0,0.0,0.0,0.0,3.36,-7.945450038909912,-6.781171412914992,1.0
L7_application,Application (L7),DNS,25,0.002629279685545085,0.0011293446389436849,0.004804846700446762,0,0.0,0.0,0.0,3.56,-7.92719985961914,-6.76292123362422,1.0
X_cloud_development,Cloud Development,Kubernetes,25,0.9943097369686603,0.9869496257052766,0.9987169517535835,25,1.0,1.0,1.0,1.0,-0.0017727285761384337,0.0,4.0
X_cloud_development,Cloud Development,AWS,25,0.004284585484752227,0.0005159920190109132,0.011215121401645513,0,0.0,0.0,0.0,2.76,-8.49653060913086,-8.49475788055472,1.0
X_cloud_development,Cloud Development,Docker,25,0.0005635055462912699,0.00023471969590230167,0.0010033929937796296,0,0.0,0.0,0.0,3.32,-9.150513286590575,-9.148740558014438,1.0
X_cloud_development,Cloud Development,npm,25,0.0005189504817532878,9.374332094151439e-05,0.0011143567993918365,0,0.0,0.0,0.0,3.8,-9.738349132537842,-9.736576403961703,1.0
X_cloud_development,Cloud Development,pip,25,0.0003232215185429007,9.511584449883168e-05,0.000619624442344525,0,0.0,0.0,0.0,4.12,-10.25825002670288,-10.256477298126743,1.0
X_database,Databases,Redis,25,0.4462344203989801,0.41206811749437877,0.478117784662425,20,0.8,0.64,0.96,1.2,-0.21998499221168458,-0.06930450626648962,2.0
X_database,Databases,PostgreSQL,25,0.40240485423393646,0.36989416851161944,0.44116036964648186,5,0.2,0.04,0.36,1.8,-0.3259824959677644,-0.17530201002256945,2.0
X_database,Databases,SQLite,25,0.10569488652228397,0.09035104764879826,0.12170617737485964,0,0.0,0.0,0.0,3.04,-1.7150101705268026,-1.5643296845816075,2.0
X_database,Databases,Microsoft SQL Server,25,0.04379874977415771,0.03446357722454145,0.05411624650501206,0,0.0,0.0,0.0,3.96,-2.6941121999422712,-2.5434317139970757,3.0
X_database,Databases,MySQL,25,0.0018670890706419202,0.0002409422551181069,0.004545369193698921,0,0.0,0.0,0.0,5.0,-7.887869338989258,-7.737188853044063,1.0
X_ide,Development Environments,Visual Studio,25,0.6894668506032627,0.6402431479376417,0.7343435167798618,24,0.96,0.88,1.0,1.04,-0.9864303421974182,-0.009920336782932289,2.0
X_ide,Development Environments,IntelliJ IDEA,25,0.22957958354018404,0.18638407511382277,0.2734738722917519,1,0.04,0.0,0.12,2.0,-2.180895372375846,-1.2043853669613598,5.0
X_ide,Development Environments,Visual Studio Code,25,0.07241593465693939,0.052251531882449256,0.09361014740630184,0,0.0,0.0,0.0,3.0,-3.5178039896488182,-2.541293984234333,3.0
X_ide,Development Environments,Notepad++,25,0.008505319663573289,0.006871427730798573,0.010367177186656041,0,0.0,0.0,0.0,3.96,-5.484682156244913,-4.508172150830428,3.0
X_ide,Development Environments,Vim,25,3.231153604058918e-05,1.0999271917836171e-05,6.234601593852318e-05,0,0.0,0.0,0.0,5.0,-12.70191177368164,-11.725401768267155,1.0
X_language,Languages,HTML/CSS,25,0.9396492076501474,0.9260988426626704,0.9517216106324243,25,1.0,1.0,1.0,1.0,-1.216080203950405,0.0,3.0
X_language,Languages,Bash/Shell,25,0.048997606215413256,0.04145496640823164,0.056753625360354165,0,0.0,0.0,0.0,2.0,-4.256257300376892,-3.040177096426487,3.0
X_language,Languages,Python,25,0.007916338325103196,0.003317308013398357,0.013757765685910564,0,0.0,0.0,0.0,3.52,-7.616451892852783,-6.4003716889023785,1.0
X_language,Languages,JavaScript,25,0.0022556310242582943,0.0014383004906391196,0.0032467557791549485,0,0.0,0.0,0.0,3.68,-7.9081113815307615,-6.692031177580357,1.0
X_language,Languages,SQL,25,0.0011812167850779411,0.00022259241372926732,0.0025716300357301377,0,0.0,0.0,0.0,4.8,-10.42528112411499,-9.209200920164585,1.0
X_web_technology,Web Technologies,Node.js,25,0.9931846379810034,0.9916430322662987,0.9944619044300275,25,1.0,1.0,1.0,1.0,-0.7313649684687455,0.0,3.0
X_web_technology,Web Technologies,Next.js,25,0.003514240939991876,0.0029693188681452634,0.004073382448254121,0,0.0,0.0,0.0,2.32,-6.4560052001476285,-5.724640231678884,3.0
X_web_technology,Web Technologies,React,25,0.0024970787957351677,0.0014200306217126727,0.0040296786490102415,0,0.0,0.0,0.0,2.8,-7.599263515472412,-6.867898547003666,1.0
X_web_technology,Web Technologies,jQuery,25,0.0005420662206393717,0.00023536141460140557,0.0009381462676752009,0,0.0,0.0,0.0,4.2,-9.781055335998536,-9.04969036752979,1.0
X_web_technology,Web Technologies,Express,25,0.00026197606263015245,0.00014558713408861627,0.00039647181108109255,0,0.0,0.0,0.0,4.68,-10.330299072265625,-9.598934103796879,1.0
