frame_id,model_alias,provider,model,prompt_id,category,category_label,frame_index,sentence_frame,word_count,auto_structural_valid,structural_errors,auto_accept,generation_attempt,model_returned_count,saved_count,human_natural,human_interchangeable,human_neutral,final_accept,exact_duplicate
llama8b__L1_physical__1,llama8b,openrouter,meta-llama/llama-3.1-8b-instruct,P3_strict_interchangeability,L1_physical,L1 — Physical,1,The server connects using {TECH}.,5,True,,True,2,34,25,,,,,False
llama8b__L1_physical__2,llama8b,openrouter,meta-llama/llama-3.1-8b-instruct,P3_strict_interchangeability,L1_physical,L1 — Physical,2,The machine uses {TECH} for physical connectivity.,7,True,,True,2,34,25,,,,,False
llama8b__L1_physical__3,llama8b,openrouter,meta-llama/llama-3.1-8b-instruct,P3_strict_interchangeability,L1_physical,L1 — Physical,3,The system communicates through {TECH}.,5,True,,True,2,34,25,,,,,False
llama8b__L1_physical__4,llama8b,openrouter,meta-llama/llama-3.1-8b-instruct,P3_strict_interchangeability,L1_physical,L1 — Physical,4,The equipment relies on {TECH}.,5,True,,True,2,34,25,,,,,False
llama8b__L1_physical__5,llama8b,openrouter,meta-llama/llama-3.1-8b-instruct,P3_strict_interchangeability,L1_physical,L1 — Physical,5,The device uses {TECH} for communication.,6,True,,True,2,34,25,,,,,True
llama8b__L1_physical__6,llama8b,openrouter,meta-llama/llama-3.1-8b-instruct,P3_strict_interchangeability,L1_physical,L1 — Physical,6,The hardware connects via {TECH}.,5,True,,True,2,34,25,,,,,False
llama8b__L1_physical__7,llama8b,openrouter,meta-llama/llama-3.1-8b-instruct,P3_strict_interchangeability,L1_physical,L1 — Physical,7,The team selects {TECH} for the new project.,8,True,,True,2,34,25,,,,,False
llama8b__L1_physical__8,llama8b,openrouter,meta-llama/llama-3.1-8b-instruct,P3_strict_interchangeability,L1_physical,L1 — Physical,8,The system uses {TECH} for transmission.,6,True,,True,2,34,25,,,,,False
llama8b__L1_physical__9,llama8b,openrouter,meta-llama/llama-3.1-8b-instruct,P3_strict_interchangeability,L1_physical,L1 — Physical,9,The equipment communicates through {TECH}.,5,True,,True,2,34,25,,,,,False
llama8b__L1_physical__10,llama8b,openrouter,meta-llama/llama-3.1-8b-instruct,P3_strict_interchangeability,L1_physical,L1 — Physical,10,The device uses {TECH} for connectivity.,6,True,,True,2,34,25,,,,,False
llama8b__L1_physical__11,llama8b,openrouter,meta-llama/llama-3.1-8b-instruct,P3_strict_interchangeability,L1_physical,L1 — Physical,11,The network uses {TECH} for communication.,6,True,,True,2,34,25,,,,,True
llama8b__L1_physical__12,llama8b,openrouter,meta-llama/llama-3.1-8b-instruct,P3_strict_interchangeability,L1_physical,L1 — Physical,12,The server uses {TECH}.,4,False,too_short,False,2,34,25,,,,,False
llama8b__L1_physical__13,llama8b,openrouter,meta-llama/llama-3.1-8b-instruct,P3_strict_interchangeability,L1_physical,L1 — Physical,13,The machine relies on {TECH}.,5,True,,True,2,34,25,,,,,False
llama8b__L1_physical__14,llama8b,openrouter,meta-llama/llama-3.1-8b-instruct,P3_strict_interchangeability,L1_physical,L1 — Physical,14,The system is connected using {TECH}.,6,True,,True,2,34,25,,,,,False
llama8b__L1_physical__15,llama8b,openrouter,meta-llama/llama-3.1-8b-instruct,P3_strict_interchangeability,L1_physical,L1 — Physical,15,The device communicates through {TECH}.,5,True,,True,2,34,25,,,,,False
llama8b__L1_physical__16,llama8b,openrouter,meta-llama/llama-3.1-8b-instruct,P3_strict_interchangeability,L1_physical,L1 — Physical,16,The team chooses {TECH} for the project.,7,True,,True,2,34,25,,,,,False
llama8b__L1_physical__17,llama8b,openrouter,meta-llama/llama-3.1-8b-instruct,P3_strict_interchangeability,L1_physical,L1 — Physical,17,The equipment uses {TECH}.,4,False,too_short,False,2,34,25,,,,,False
llama8b__L1_physical__18,llama8b,openrouter,meta-llama/llama-3.1-8b-instruct,P3_strict_interchangeability,L1_physical,L1 — Physical,18,The hardware connects with {TECH}.,5,True,,True,2,34,25,,,,,False
llama8b__L1_physical__19,llama8b,openrouter,meta-llama/llama-3.1-8b-instruct,P3_strict_interchangeability,L1_physical,L1 — Physical,19,The system uses {TECH}.,4,False,too_short,False,2,34,25,,,,,False
llama8b__L1_physical__20,llama8b,openrouter,meta-llama/llama-3.1-8b-instruct,P3_strict_interchangeability,L1_physical,L1 — Physical,20,The device uses {TECH}.,4,False,too_short,False,2,34,25,,,,,False
llama8b__L1_physical__21,llama8b,openrouter,meta-llama/llama-3.1-8b-instruct,P3_strict_interchangeability,L1_physical,L1 — Physical,21,The machine uses {TECH}.,4,False,too_short,False,2,34,25,,,,,False
llama8b__L1_physical__22,llama8b,openrouter,meta-llama/llama-3.1-8b-instruct,P3_strict_interchangeability,L1_physical,L1 — Physical,22,The system connects using {TECH}.,5,True,,True,2,34,25,,,,,False
llama8b__L1_physical__23,llama8b,openrouter,meta-llama/llama-3.1-8b-instruct,P3_strict_interchangeability,L1_physical,L1 — Physical,23,The equipment relies on {TECH} for communication.,7,True,,True,2,34,25,,,,,False
llama8b__L1_physical__24,llama8b,openrouter,meta-llama/llama-3.1-8b-instruct,P3_strict_interchangeability,L1_physical,L1 — Physical,24,The device communicates using {TECH}.,5,True,,True,2,34,25,,,,,False
llama8b__L1_physical__25,llama8b,openrouter,meta-llama/llama-3.1-8b-instruct,P3_strict_interchangeability,L1_physical,L1 — Physical,25,The hardware uses {TECH}.,4,False,too_short,False,2,34,25,,,,,False
llama8b__L2_data_link__1,llama8b,openrouter,meta-llama/llama-3.1-8b-instruct,P3_strict_interchangeability,L2_data_link,L2 — Data Link,1,Networks rely on {TECH} for local communication.,7,True,,True,1,26,25,,,,,False
llama8b__L2_data_link__2,llama8b,openrouter,meta-llama/llama-3.1-8b-instruct,P3_strict_interchangeability,L2_data_link,L2 — Data Link,2,The device connects to other devices using {TECH}.,8,True,,True,1,26,25,,,,,False
llama8b__L2_data_link__3,llama8b,openrouter,meta-llama/llama-3.1-8b-instruct,P3_strict_interchangeability,L2_data_link,L2 — Data Link,3,Nodes communicate over {TECH} in the network.,7,True,,True,1,26,25,,,,,False
llama8b__L2_data_link__4,llama8b,openrouter,meta-llama/llama-3.1-8b-instruct,P3_strict_interchangeability,L2_data_link,L2 — Data Link,4,The system uses {TECH} for high-speed data transfer.,8,True,,True,1,26,25,,,,,False
llama8b__L2_data_link__5,llama8b,openrouter,meta-llama/llama-3.1-8b-instruct,P3_strict_interchangeability,L2_data_link,L2 — Data Link,5,The hosts connect to each other using {TECH}.,8,True,,True,1,26,25,,,,,False
llama8b__L2_data_link__6,llama8b,openrouter,meta-llama/llama-3.1-8b-instruct,P3_strict_interchangeability,L2_data_link,L2 — Data Link,6,The network uses {TECH} for reliable communication.,7,False,specificity_cue:reliable,False,1,26,25,,,,,False
llama8b__L2_data_link__7,llama8b,openrouter,meta-llama/llama-3.1-8b-instruct,P3_strict_interchangeability,L2_data_link,L2 — Data Link,7,Devices on the network communicate over {TECH}.,7,True,,True,1,26,25,,,,,False
llama8b__L2_data_link__8,llama8b,openrouter,meta-llama/llama-3.1-8b-instruct,P3_strict_interchangeability,L2_data_link,L2 — Data Link,8,The system is built around {TECH} technology.,7,True,,True,1,26,25,,,,,False
llama8b__L2_data_link__9,llama8b,openrouter,meta-llama/llama-3.1-8b-instruct,P3_strict_interchangeability,L2_data_link,L2 — Data Link,9,Networks are connected using {TECH} links.,6,True,,True,1,26,25,,,,,False
llama8b__L2_data_link__10,llama8b,openrouter,meta-llama/llama-3.1-8b-instruct,P3_strict_interchangeability,L2_data_link,L2 — Data Link,10,The team uses {TECH} for local area network communication.,9,True,,True,1,26,25,,,,,False
llama8b__L2_data_link__11,llama8b,openrouter,meta-llama/llama-3.1-8b-instruct,P3_strict_interchangeability,L2_data_link,L2 — Data Link,11,Nodes in the network use {TECH} for communication.,8,True,,True,1,26,25,,,,,False
llama8b__L2_data_link__12,llama8b,openrouter,meta-llama/llama-3.1-8b-instruct,P3_strict_interchangeability,L2_data_link,L2 — Data Link,12,The device uses {TECH} for data transmission.,7,True,,True,1,26,25,,,,,False
llama8b__L2_data_link__13,llama8b,openrouter,meta-llama/llama-3.1-8b-instruct,P3_strict_interchangeability,L2_data_link,L2 — Data Link,13,The network infrastructure relies on {TECH}.,6,True,,True,1,26,25,,,,,False
llama8b__L2_data_link__14,llama8b,openrouter,meta-llama/llama-3.1-8b-instruct,P3_strict_interchangeability,L2_data_link,L2 — Data Link,14,The system uses {TECH} for data exchange.,7,True,,True,1,26,25,,,,,False
llama8b__L2_data_link__15,llama8b,openrouter,meta-llama/llama-3.1-8b-instruct,P3_strict_interchangeability,L2_data_link,L2 — Data Link,15,The hosts use {TECH} for secure communication.,7,False,specificity_cue:secure,False,1,26,25,,,,,False
llama8b__L2_data_link__16,llama8b,openrouter,meta-llama/llama-3.1-8b-instruct,P3_strict_interchangeability,L2_data_link,L2 — Data Link,16,The network uses {TECH} for fast data transfer.,8,True,,True,1,26,25,,,,,False
llama8b__L2_data_link__17,llama8b,openrouter,meta-llama/llama-3.1-8b-instruct,P3_strict_interchangeability,L2_data_link,L2 — Data Link,17,The device connects to the network using {TECH}.,8,True,,True,1,26,25,,,,,False
llama8b__L2_data_link__18,llama8b,openrouter,meta-llama/llama-3.1-8b-instruct,P3_strict_interchangeability,L2_data_link,L2 — Data Link,18,The system communicates over {TECH} in the network.,8,True,,True,1,26,25,,,,,False
llama8b__L2_data_link__19,llama8b,openrouter,meta-llama/llama-3.1-8b-instruct,P3_strict_interchangeability,L2_data_link,L2 — Data Link,19,Networks use {TECH} for local area network communication.,8,True,,True,1,26,25,,,,,False
llama8b__L2_data_link__20,llama8b,openrouter,meta-llama/llama-3.1-8b-instruct,P3_strict_interchangeability,L2_data_link,L2 — Data Link,20,The system relies on {TECH} for communication.,7,True,,True,1,26,25,,,,,True
llama8b__L2_data_link__21,llama8b,openrouter,meta-llama/llama-3.1-8b-instruct,P3_strict_interchangeability,L2_data_link,L2 — Data Link,21,The device uses {TECH} for communication.,6,True,,True,1,26,25,,,,,True
llama8b__L2_data_link__22,llama8b,openrouter,meta-llama/llama-3.1-8b-instruct,P3_strict_interchangeability,L2_data_link,L2 — Data Link,22,The network uses {TECH} for reliable data transfer.,8,False,specificity_cue:reliable,False,1,26,25,,,,,False
llama8b__L2_data_link__23,llama8b,openrouter,meta-llama/llama-3.1-8b-instruct,P3_strict_interchangeability,L2_data_link,L2 — Data Link,23,The system uses {TECH} for high-speed communication.,7,True,,True,1,26,25,,,,,False
llama8b__L2_data_link__24,llama8b,openrouter,meta-llama/llama-3.1-8b-instruct,P3_strict_interchangeability,L2_data_link,L2 — Data Link,24,The hosts use {TECH} for data exchange.,7,True,,True,1,26,25,,,,,True
llama8b__L2_data_link__25,llama8b,openrouter,meta-llama/llama-3.1-8b-instruct,P3_strict_interchangeability,L2_data_link,L2 — Data Link,25,The network uses {TECH} for fast data transmission.,8,True,,True,1,26,25,,,,,False
llama8b__L3_network__1,llama8b,openrouter,meta-llama/llama-3.1-8b-instruct,P3_strict_interchangeability,L3_network,L3 — Network,1,The network relies on {TECH} for communication.,7,True,,True,1,26,25,,,,,False
llama8b__L3_network__2,llama8b,openrouter,meta-llama/llama-3.1-8b-instruct,P3_strict_interchangeability,L3_network,L3 — Network,2,The system communicates using {TECH}.,5,True,,True,1,26,25,,,,,False
llama8b__L3_network__3,llama8b,openrouter,meta-llama/llama-3.1-8b-instruct,P3_strict_interchangeability,L3_network,L3 — Network,3,The nodes use {TECH} for network communication.,7,True,,True,1,26,25,,,,,False
llama8b__L3_network__4,llama8b,openrouter,meta-llama/llama-3.1-8b-instruct,P3_strict_interchangeability,L3_network,L3 — Network,4,The devices rely on {TECH} for data exchange.,8,True,,True,1,26,25,,,,,False
llama8b__L3_network__5,llama8b,openrouter,meta-llama/llama-3.1-8b-instruct,P3_strict_interchangeability,L3_network,L3 — Network,5,The hosts communicate using {TECH}.,5,True,,True,1,26,25,,,,,False
llama8b__L3_network__6,llama8b,openrouter,meta-llama/llama-3.1-8b-instruct,P3_strict_interchangeability,L3_network,L3 — Network,6,The network uses {TECH} for packet routing.,7,True,,True,1,26,25,,,,,False
llama8b__L3_network__7,llama8b,openrouter,meta-llama/llama-3.1-8b-instruct,P3_strict_interchangeability,L3_network,L3 — Network,7,The system employs {TECH} for network connectivity.,7,True,,True,1,26,25,,,,,False
llama8b__L3_network__8,llama8b,openrouter,meta-llama/llama-3.1-8b-instruct,P3_strict_interchangeability,L3_network,L3 — Network,8,The nodes operate over {TECH}.,5,True,,True,1,26,25,,,,,False
llama8b__L3_network__9,llama8b,openrouter,meta-llama/llama-3.1-8b-instruct,P3_strict_interchangeability,L3_network,L3 — Network,9,The devices interact through {TECH}.,5,True,,True,1,26,25,,,,,False
llama8b__L3_network__10,llama8b,openrouter,meta-llama/llama-3.1-8b-instruct,P3_strict_interchangeability,L3_network,L3 — Network,10,The hosts rely on {TECH} for communication.,7,True,,True,1,26,25,,,,,False
llama8b__L3_network__11,llama8b,openrouter,meta-llama/llama-3.1-8b-instruct,P3_strict_interchangeability,L3_network,L3 — Network,11,The network employs {TECH} for data transmission.,7,True,,True,1,26,25,,,,,False
llama8b__L3_network__12,llama8b,openrouter,meta-llama/llama-3.1-8b-instruct,P3_strict_interchangeability,L3_network,L3 — Network,12,The system communicates over {TECH}.,5,True,,True,1,26,25,,,,,False
llama8b__L3_network__13,llama8b,openrouter,meta-llama/llama-3.1-8b-instruct,P3_strict_interchangeability,L3_network,L3 — Network,13,The nodes utilize {TECH} for network communication.,7,True,,True,1,26,25,,,,,False
llama8b__L3_network__14,llama8b,openrouter,meta-llama/llama-3.1-8b-instruct,P3_strict_interchangeability,L3_network,L3 — Network,14,The devices use {TECH} for data transfer.,7,True,,True,1,26,25,,,,,False
llama8b__L3_network__15,llama8b,openrouter,meta-llama/llama-3.1-8b-instruct,P3_strict_interchangeability,L3_network,L3 — Network,15,The hosts communicate with each other using {TECH}.,8,True,,True,1,26,25,,,,,False
llama8b__L3_network__16,llama8b,openrouter,meta-llama/llama-3.1-8b-instruct,P3_strict_interchangeability,L3_network,L3 — Network,16,The network relies on {TECH} for data exchange.,8,True,,True,1,26,25,,,,,False
llama8b__L3_network__17,llama8b,openrouter,meta-llama/llama-3.1-8b-instruct,P3_strict_interchangeability,L3_network,L3 — Network,17,The system uses {TECH} for network communication.,7,True,,True,1,26,25,,,,,False
llama8b__L3_network__18,llama8b,openrouter,meta-llama/llama-3.1-8b-instruct,P3_strict_interchangeability,L3_network,L3 — Network,18,The nodes interact with each other using {TECH}.,8,True,,True,1,26,25,,,,,False
llama8b__L3_network__19,llama8b,openrouter,meta-llama/llama-3.1-8b-instruct,P3_strict_interchangeability,L3_network,L3 — Network,19,The devices employ {TECH} for data transmission.,7,True,,True,1,26,25,,,,,False
llama8b__L3_network__20,llama8b,openrouter,meta-llama/llama-3.1-8b-instruct,P3_strict_interchangeability,L3_network,L3 — Network,20,The hosts operate over {TECH}.,5,True,,True,1,26,25,,,,,False
llama8b__L3_network__21,llama8b,openrouter,meta-llama/llama-3.1-8b-instruct,P3_strict_interchangeability,L3_network,L3 — Network,21,The network uses {TECH} for communication.,6,True,,True,1,26,25,,,,,True
llama8b__L3_network__22,llama8b,openrouter,meta-llama/llama-3.1-8b-instruct,P3_strict_interchangeability,L3_network,L3 — Network,22,The system communicates using {TECH} over the internet.,8,True,,True,1,26,25,,,,,False
llama8b__L3_network__23,llama8b,openrouter,meta-llama/llama-3.1-8b-instruct,P3_strict_interchangeability,L3_network,L3 — Network,23,The nodes rely on {TECH} for network connectivity.,8,True,,True,1,26,25,,,,,False
llama8b__L3_network__24,llama8b,openrouter,meta-llama/llama-3.1-8b-instruct,P3_strict_interchangeability,L3_network,L3 — Network,24,The devices interact with each other using {TECH}.,8,True,,True,1,26,25,,,,,False
llama8b__L3_network__25,llama8b,openrouter,meta-llama/llama-3.1-8b-instruct,P3_strict_interchangeability,L3_network,L3 — Network,25,The hosts use {TECH} for data exchange.,7,True,,True,1,26,25,,,,,True
llama8b__L4_transport__1,llama8b,openrouter,meta-llama/llama-3.1-8b-instruct,P3_strict_interchangeability,L4_transport,L4 — Transport,1,The application communicates using {TECH}.,5,True,,True,1,29,25,,,,,False
llama8b__L4_transport__2,llama8b,openrouter,meta-llama/llama-3.1-8b-instruct,P3_strict_interchangeability,L4_transport,L4 — Transport,2,Our service uses {TECH} for data exchange.,7,True,,True,1,29,25,,,,,False
llama8b__L4_transport__3,llama8b,openrouter,meta-llama/llama-3.1-8b-instruct,P3_strict_interchangeability,L4_transport,L4 — Transport,3,The system relies on {TECH} for communication.,7,True,,True,1,29,25,,,,,True
llama8b__L4_transport__4,llama8b,openrouter,meta-llama/llama-3.1-8b-instruct,P3_strict_interchangeability,L4_transport,L4 — Transport,4,Components exchange data using {TECH}.,5,True,,True,1,29,25,,,,,False
llama8b__L4_transport__5,llama8b,openrouter,meta-llama/llama-3.1-8b-instruct,P3_strict_interchangeability,L4_transport,L4 — Transport,5,The backend uses {TECH} for network communication.,7,True,,True,1,29,25,,,,,False
llama8b__L4_transport__6,llama8b,openrouter,meta-llama/llama-3.1-8b-instruct,P3_strict_interchangeability,L4_transport,L4 — Transport,6,We implement {TECH} for secure communication.,6,False,specificity_cue:secure,False,1,29,25,,,,,False
llama8b__L4_transport__7,llama8b,openrouter,meta-llama/llama-3.1-8b-instruct,P3_strict_interchangeability,L4_transport,L4 — Transport,7,The services use {TECH} for real-time data exchange.,8,False,specificity_cue:real-time,False,1,29,25,,,,,False
llama8b__L4_transport__8,llama8b,openrouter,meta-llama/llama-3.1-8b-instruct,P3_strict_interchangeability,L4_transport,L4 — Transport,8,Our nodes communicate with each other using {TECH}.,8,True,,True,1,29,25,,,,,False
llama8b__L4_transport__9,llama8b,openrouter,meta-llama/llama-3.1-8b-instruct,P3_strict_interchangeability,L4_transport,L4 — Transport,9,The application uses {TECH} for efficient data transfer.,8,False,specificity_cue:efficient,False,1,29,25,,,,,False
llama8b__L4_transport__10,llama8b,openrouter,meta-llama/llama-3.1-8b-instruct,P3_strict_interchangeability,L4_transport,L4 — Transport,10,Components use {TECH} for high-speed communication.,6,True,,True,1,29,25,,,,,False
llama8b__L4_transport__11,llama8b,openrouter,meta-llama/llama-3.1-8b-instruct,P3_strict_interchangeability,L4_transport,L4 — Transport,11,The system integrates with {TECH} for seamless communication.,8,True,,True,1,29,25,,,,,False
llama8b__L4_transport__12,llama8b,openrouter,meta-llama/llama-3.1-8b-instruct,P3_strict_interchangeability,L4_transport,L4 — Transport,12,Our team uses {TECH} for reliable data exchange.,8,False,specificity_cue:reliable,False,1,29,25,,,,,False
llama8b__L4_transport__13,llama8b,openrouter,meta-llama/llama-3.1-8b-instruct,P3_strict_interchangeability,L4_transport,L4 — Transport,13,The services communicate using {TECH} for scalability.,7,False,specificity_cue:scalability,False,1,29,25,,,,,False
llama8b__L4_transport__14,llama8b,openrouter,meta-llama/llama-3.1-8b-instruct,P3_strict_interchangeability,L4_transport,L4 — Transport,14,We implement {TECH} for secure and reliable communication.,8,False,"specificity_cue:secure,reliable",False,1,29,25,,,,,False
llama8b__L4_transport__15,llama8b,openrouter,meta-llama/llama-3.1-8b-instruct,P3_strict_interchangeability,L4_transport,L4 — Transport,15,The backend uses {TECH} for fast data exchange.,8,True,,True,1,29,25,,,,,False
llama8b__L4_transport__16,llama8b,openrouter,meta-llama/llama-3.1-8b-instruct,P3_strict_interchangeability,L4_transport,L4 — Transport,16,Components rely on {TECH} for efficient communication.,7,False,specificity_cue:efficient,False,1,29,25,,,,,False
llama8b__L4_transport__17,llama8b,openrouter,meta-llama/llama-3.1-8b-instruct,P3_strict_interchangeability,L4_transport,L4 — Transport,17,The application uses {TECH} for real-time data transfer.,8,False,specificity_cue:real-time,False,1,29,25,,,,,False
llama8b__L4_transport__18,llama8b,openrouter,meta-llama/llama-3.1-8b-instruct,P3_strict_interchangeability,L4_transport,L4 — Transport,18,Our nodes use {TECH} for high-speed data exchange.,8,True,,True,1,29,25,,,,,False
llama8b__L4_transport__19,llama8b,openrouter,meta-llama/llama-3.1-8b-instruct,P3_strict_interchangeability,L4_transport,L4 — Transport,19,The system integrates {TECH} for efficient communication.,7,False,specificity_cue:efficient,False,1,29,25,,,,,False
llama8b__L4_transport__20,llama8b,openrouter,meta-llama/llama-3.1-8b-instruct,P3_strict_interchangeability,L4_transport,L4 — Transport,20,The services use {TECH} for secure and reliable communication.,9,False,"specificity_cue:secure,reliable",False,1,29,25,,,,,False
llama8b__L4_transport__21,llama8b,openrouter,meta-llama/llama-3.1-8b-instruct,P3_strict_interchangeability,L4_transport,L4 — Transport,21,We implement {TECH} for high-speed data transfer.,7,True,,True,1,29,25,,,,,False
llama8b__L4_transport__22,llama8b,openrouter,meta-llama/llama-3.1-8b-instruct,P3_strict_interchangeability,L4_transport,L4 — Transport,22,The backend uses {TECH} for efficient data exchange.,8,False,specificity_cue:efficient,False,1,29,25,,,,,False
llama8b__L4_transport__23,llama8b,openrouter,meta-llama/llama-3.1-8b-instruct,P3_strict_interchangeability,L4_transport,L4 — Transport,23,Components use {TECH} for real-time data communication.,7,False,specificity_cue:real-time,False,1,29,25,,,,,False
llama8b__L4_transport__24,llama8b,openrouter,meta-llama/llama-3.1-8b-instruct,P3_strict_interchangeability,L4_transport,L4 — Transport,24,The application integrates {TECH} for seamless communication.,7,True,,True,1,29,25,,,,,False
llama8b__L4_transport__25,llama8b,openrouter,meta-llama/llama-3.1-8b-instruct,P3_strict_interchangeability,L4_transport,L4 — Transport,25,Our team uses {TECH} for reliable data communication.,8,False,specificity_cue:reliable,False,1,29,25,,,,,False
llama8b__L5_session__1,llama8b,openrouter,meta-llama/llama-3.1-8b-instruct,P3_strict_interchangeability,L5_session,L5 — Session,1,The system relies on {TECH} for communication.,7,True,,True,1,29,25,,,,,True
llama8b__L5_session__2,llama8b,openrouter,meta-llama/llama-3.1-8b-instruct,P3_strict_interchangeability,L5_session,L5 — Session,2,The application connects through {TECH} to the server.,8,True,,True,1,29,25,,,,,False
llama8b__L5_session__3,llama8b,openrouter,meta-llama/llama-3.1-8b-instruct,P3_strict_interchangeability,L5_session,L5 — Session,3,The team uses {TECH} for the project.,7,True,,True,1,29,25,,,,,True
llama8b__L5_session__4,llama8b,openrouter,meta-llama/llama-3.1-8b-instruct,P3_strict_interchangeability,L5_session,L5 — Session,4,The service uses {TECH} for data exchange.,7,True,,True,1,29,25,,,,,True
llama8b__L5_session__5,llama8b,openrouter,meta-llama/llama-3.1-8b-instruct,P3_strict_interchangeability,L5_session,L5 — Session,5,The components rely on {TECH} for synchronization.,7,True,,True,1,29,25,,,,,False
llama8b__L5_session__6,llama8b,openrouter,meta-llama/llama-3.1-8b-instruct,P3_strict_interchangeability,L5_session,L5 — Session,6,The machines use {TECH} for remote access.,7,True,,True,1,29,25,,,,,False
llama8b__L5_session__7,llama8b,openrouter,meta-llama/llama-3.1-8b-instruct,P3_strict_interchangeability,L5_session,L5 — Session,7,The system uses {TECH} for authentication.,6,True,,True,1,29,25,,,,,False
llama8b__L5_session__8,llama8b,openrouter,meta-llama/llama-3.1-8b-instruct,P3_strict_interchangeability,L5_session,L5 — Session,8,The team connects through {TECH} for collaboration.,7,True,,True,1,29,25,,,,,False
llama8b__L5_session__9,llama8b,openrouter,meta-llama/llama-3.1-8b-instruct,P3_strict_interchangeability,L5_session,L5 — Session,9,The application relies on {TECH} for real-time updates.,8,False,specificity_cue:real-time,False,1,29,25,,,,,False
llama8b__L5_session__10,llama8b,openrouter,meta-llama/llama-3.1-8b-instruct,P3_strict_interchangeability,L5_session,L5 — Session,10,The service uses {TECH} for load balancing.,7,True,,True,1,29,25,,,,,False
llama8b__L5_session__11,llama8b,openrouter,meta-llama/llama-3.1-8b-instruct,P3_strict_interchangeability,L5_session,L5 — Session,11,The components connect through {TECH} for data transfer.,8,True,,True,1,29,25,,,,,False
llama8b__L5_session__12,llama8b,openrouter,meta-llama/llama-3.1-8b-instruct,P3_strict_interchangeability,L5_session,L5 — Session,12,The machines use {TECH} for secure communication.,7,False,specificity_cue:secure,False,1,29,25,,,,,False
llama8b__L5_session__13,llama8b,openrouter,meta-llama/llama-3.1-8b-instruct,P3_strict_interchangeability,L5_session,L5 — Session,13,The system relies on {TECH} for data consistency.,8,True,,True,1,29,25,,,,,False
llama8b__L5_session__14,llama8b,openrouter,meta-llama/llama-3.1-8b-instruct,P3_strict_interchangeability,L5_session,L5 — Session,14,The team uses {TECH} for project management.,7,True,,True,1,29,25,,,,,False
llama8b__L5_session__15,llama8b,openrouter,meta-llama/llama-3.1-8b-instruct,P3_strict_interchangeability,L5_session,L5 — Session,15,The application uses {TECH} for user authentication.,7,True,,True,1,29,25,,,,,False
llama8b__L5_session__16,llama8b,openrouter,meta-llama/llama-3.1-8b-instruct,P3_strict_interchangeability,L5_session,L5 — Session,16,The service connects through {TECH} for API integration.,8,True,,True,1,29,25,,,,,False
llama8b__L5_session__17,llama8b,openrouter,meta-llama/llama-3.1-8b-instruct,P3_strict_interchangeability,L5_session,L5 — Session,17,The components rely on {TECH} for distributed processing.,8,True,,True,1,29,25,,,,,False
llama8b__L5_session__18,llama8b,openrouter,meta-llama/llama-3.1-8b-instruct,P3_strict_interchangeability,L5_session,L5 — Session,18,The machines use {TECH} for high availability.,7,False,specificity_cue:high availability,False,1,29,25,,,,,False
llama8b__L5_session__19,llama8b,openrouter,meta-llama/llama-3.1-8b-instruct,P3_strict_interchangeability,L5_session,L5 — Session,19,The system uses {TECH} for enterprise integration.,7,True,,True,1,29,25,,,,,False
llama8b__L5_session__20,llama8b,openrouter,meta-llama/llama-3.1-8b-instruct,P3_strict_interchangeability,L5_session,L5 — Session,20,The team relies on {TECH} for collaboration and communication.,9,True,,True,1,29,25,,,,,False
llama8b__L5_session__21,llama8b,openrouter,meta-llama/llama-3.1-8b-instruct,P3_strict_interchangeability,L5_session,L5 — Session,21,The application uses {TECH} for cloud-based deployment.,7,True,,True,1,29,25,,,,,False
llama8b__L5_session__22,llama8b,openrouter,meta-llama/llama-3.1-8b-instruct,P3_strict_interchangeability,L5_session,L5 — Session,22,The service connects through {TECH} for real-time analytics.,8,False,specificity_cue:real-time,False,1,29,25,,,,,False
llama8b__L5_session__23,llama8b,openrouter,meta-llama/llama-3.1-8b-instruct,P3_strict_interchangeability,L5_session,L5 — Session,23,The components use {TECH} for secure data storage.,8,False,specificity_cue:secure,False,1,29,25,,,,,False
llama8b__L5_session__24,llama8b,openrouter,meta-llama/llama-3.1-8b-instruct,P3_strict_interchangeability,L5_session,L5 — Session,24,The machines rely on {TECH} for efficient processing.,8,False,specificity_cue:efficient,False,1,29,25,,,,,False
llama8b__L5_session__25,llama8b,openrouter,meta-llama/llama-3.1-8b-instruct,P3_strict_interchangeability,L5_session,L5 — Session,25,The system uses {TECH} for scalable infrastructure.,7,False,specificity_cue:scalable,False,1,29,25,,,,,False
llama8b__L6_presentation__1,llama8b,openrouter,meta-llama/llama-3.1-8b-instruct,P3_strict_interchangeability,L6_presentation,L6 — Presentation,1,The team uses {TECH} for the project.,7,True,,True,2,25,25,,,,,True
llama8b__L6_presentation__2,llama8b,openrouter,meta-llama/llama-3.1-8b-instruct,P3_strict_interchangeability,L6_presentation,L6 — Presentation,2,The application employs {TECH} for data encoding.,7,True,,True,2,25,25,,,,,False
llama8b__L6_presentation__3,llama8b,openrouter,meta-llama/llama-3.1-8b-instruct,P3_strict_interchangeability,L6_presentation,L6 — Presentation,3,The company relies on {TECH} for content formatting.,8,True,,True,2,25,25,,,,,False
llama8b__L6_presentation__4,llama8b,openrouter,meta-llama/llama-3.1-8b-instruct,P3_strict_interchangeability,L6_presentation,L6 — Presentation,4,The service utilizes {TECH} for data presentation.,7,True,,True,2,25,25,,,,,False
llama8b__L6_presentation__5,llama8b,openrouter,meta-llama/llama-3.1-8b-instruct,P3_strict_interchangeability,L6_presentation,L6 — Presentation,5,The data is rendered using {TECH} format.,7,True,,True,2,25,25,,,,,False
llama8b__L6_presentation__6,llama8b,openrouter,meta-llama/llama-3.1-8b-instruct,P3_strict_interchangeability,L6_presentation,L6 — Presentation,6,The team prefers {TECH} for data representation.,7,True,,True,2,25,25,,,,,False
llama8b__L6_presentation__7,llama8b,openrouter,meta-llama/llama-3.1-8b-instruct,P3_strict_interchangeability,L6_presentation,L6 — Presentation,7,The system integrates {TECH} for data handling.,7,True,,True,2,25,25,,,,,False
llama8b__L6_presentation__8,llama8b,openrouter,meta-llama/llama-3.1-8b-instruct,P3_strict_interchangeability,L6_presentation,L6 — Presentation,8,The application uses {TECH} for data conversion.,7,True,,True,2,25,25,,,,,False
llama8b__L6_presentation__9,llama8b,openrouter,meta-llama/llama-3.1-8b-instruct,P3_strict_interchangeability,L6_presentation,L6 — Presentation,9,The data is processed with {TECH} encoding.,7,True,,True,2,25,25,,,,,False
llama8b__L6_presentation__10,llama8b,openrouter,meta-llama/llama-3.1-8b-instruct,P3_strict_interchangeability,L6_presentation,L6 — Presentation,10,The service handles data with {TECH} formatting.,7,True,,True,2,25,25,,,,,False
llama8b__L6_presentation__11,llama8b,openrouter,meta-llama/llama-3.1-8b-instruct,P3_strict_interchangeability,L6_presentation,L6 — Presentation,11,The team relies on {TECH} for data transformation.,8,True,,True,2,25,25,,,,,False
llama8b__L6_presentation__12,llama8b,openrouter,meta-llama/llama-3.1-8b-instruct,P3_strict_interchangeability,L6_presentation,L6 — Presentation,12,The system utilizes {TECH} for data formatting.,7,True,,True,2,25,25,,,,,False
llama8b__L6_presentation__13,llama8b,openrouter,meta-llama/llama-3.1-8b-instruct,P3_strict_interchangeability,L6_presentation,L6 — Presentation,13,The data is presented using {TECH} style.,7,True,,True,2,25,25,,,,,False
llama8b__L6_presentation__14,llama8b,openrouter,meta-llama/llama-3.1-8b-instruct,P3_strict_interchangeability,L6_presentation,L6 — Presentation,14,The application employs {TECH} for data structure.,7,True,,True,2,25,25,,,,,False
llama8b__L6_presentation__15,llama8b,openrouter,meta-llama/llama-3.1-8b-instruct,P3_strict_interchangeability,L6_presentation,L6 — Presentation,15,The service uses {TECH} for data rendering.,7,True,,True,2,25,25,,,,,False
llama8b__L6_presentation__16,llama8b,openrouter,meta-llama/llama-3.1-8b-instruct,P3_strict_interchangeability,L6_presentation,L6 — Presentation,16,The company relies on {TECH} for data visualization.,8,True,,True,2,25,25,,,,,False
llama8b__L6_presentation__17,llama8b,openrouter,meta-llama/llama-3.1-8b-instruct,P3_strict_interchangeability,L6_presentation,L6 — Presentation,17,The team uses {TECH} for data presentation optimization.,8,True,,True,2,25,25,,,,,False
llama8b__L6_presentation__18,llama8b,openrouter,meta-llama/llama-3.1-8b-instruct,P3_strict_interchangeability,L6_presentation,L6 — Presentation,18,The system integrates {TECH} for data processing.,7,True,,True,2,25,25,,,,,False
llama8b__L6_presentation__19,llama8b,openrouter,meta-llama/llama-3.1-8b-instruct,P3_strict_interchangeability,L6_presentation,L6 — Presentation,19,The application uses {TECH} for data encoding standards.,8,True,,True,2,25,25,,,,,False
llama8b__L6_presentation__20,llama8b,openrouter,meta-llama/llama-3.1-8b-instruct,P3_strict_interchangeability,L6_presentation,L6 — Presentation,20,The data is formatted with {TECH} syntax.,7,True,,True,2,25,25,,,,,False
llama8b__L6_presentation__21,llama8b,openrouter,meta-llama/llama-3.1-8b-instruct,P3_strict_interchangeability,L6_presentation,L6 — Presentation,21,The service handles data using {TECH} protocols.,7,True,,True,2,25,25,,,,,False
llama8b__L6_presentation__22,llama8b,openrouter,meta-llama/llama-3.1-8b-instruct,P3_strict_interchangeability,L6_presentation,L6 — Presentation,22,The team uses {TECH} for data compression.,7,True,,True,2,25,25,,,,,False
llama8b__L6_presentation__23,llama8b,openrouter,meta-llama/llama-3.1-8b-instruct,P3_strict_interchangeability,L6_presentation,L6 — Presentation,23,The system relies on {TECH} for data exchange.,8,True,,True,2,25,25,,,,,False
llama8b__L6_presentation__24,llama8b,openrouter,meta-llama/llama-3.1-8b-instruct,P3_strict_interchangeability,L6_presentation,L6 — Presentation,24,The application integrates {TECH} for data representation.,7,True,,True,2,25,25,,,,,False
llama8b__L6_presentation__25,llama8b,openrouter,meta-llama/llama-3.1-8b-instruct,P3_strict_interchangeability,L6_presentation,L6 — Presentation,25,The data is processed with {TECH} encoding algorithms.,8,True,,True,2,25,25,,,,,False
llama8b__L7_application__1,llama8b,openrouter,meta-llama/llama-3.1-8b-instruct,P3_strict_interchangeability,L7_application,L7 — Application,1,The service communicates using {TECH}.,5,True,,True,1,26,25,,,,,False
llama8b__L7_application__2,llama8b,openrouter,meta-llama/llama-3.1-8b-instruct,P3_strict_interchangeability,L7_application,L7 — Application,2,The application uses {TECH} for network services.,7,True,,True,1,26,25,,,,,False
llama8b__L7_application__3,llama8b,openrouter,meta-llama/llama-3.1-8b-instruct,P3_strict_interchangeability,L7_application,L7 — Application,3,The client system uses {TECH} for communication.,7,True,,True,1,26,25,,,,,False
llama8b__L7_application__4,llama8b,openrouter,meta-llama/llama-3.1-8b-instruct,P3_strict_interchangeability,L7_application,L7 — Application,4,The team uses {TECH} for application-layer communication.,7,True,,True,1,26,25,,,,,False
llama8b__L7_application__5,llama8b,openrouter,meta-llama/llama-3.1-8b-instruct,P3_strict_interchangeability,L7_application,L7 — Application,5,The backend service uses {TECH} for network requests.,8,True,,True,1,26,25,,,,,False
llama8b__L7_application__6,llama8b,openrouter,meta-llama/llama-3.1-8b-instruct,P3_strict_interchangeability,L7_application,L7 — Application,6,The system uses {TECH} for service communication.,7,True,,True,1,26,25,,,,,False
llama8b__L7_application__7,llama8b,openrouter,meta-llama/llama-3.1-8b-instruct,P3_strict_interchangeability,L7_application,L7 — Application,7,The components use {TECH} for network communication.,7,True,,True,1,26,25,,,,,False
llama8b__L7_application__8,llama8b,openrouter,meta-llama/llama-3.1-8b-instruct,P3_strict_interchangeability,L7_application,L7 — Application,8,The service uses {TECH} for data exchange.,7,True,,True,1,26,25,,,,,True
llama8b__L7_application__9,llama8b,openrouter,meta-llama/llama-3.1-8b-instruct,P3_strict_interchangeability,L7_application,L7 — Application,9,The system uses {TECH} for client communication.,7,True,,True,1,26,25,,,,,False
llama8b__L7_application__10,llama8b,openrouter,meta-llama/llama-3.1-8b-instruct,P3_strict_interchangeability,L7_application,L7 — Application,10,The application uses {TECH} for service-oriented architecture.,7,True,,True,1,26,25,,,,,True
llama8b__L7_application__11,llama8b,openrouter,meta-llama/llama-3.1-8b-instruct,P3_strict_interchangeability,L7_application,L7 — Application,11,The client uses {TECH} for network communication.,7,True,,True,1,26,25,,,,,False
llama8b__L7_application__12,llama8b,openrouter,meta-llama/llama-3.1-8b-instruct,P3_strict_interchangeability,L7_application,L7 — Application,12,The system uses {TECH} for application communication.,7,True,,True,1,26,25,,,,,False
llama8b__L7_application__13,llama8b,openrouter,meta-llama/llama-3.1-8b-instruct,P3_strict_interchangeability,L7_application,L7 — Application,13,The backend uses {TECH} for service communication.,7,True,,True,1,26,25,,,,,False
llama8b__L7_application__14,llama8b,openrouter,meta-llama/llama-3.1-8b-instruct,P3_strict_interchangeability,L7_application,L7 — Application,14,The service uses {TECH} for network communication.,7,True,,True,1,26,25,,,,,False
llama8b__L7_application__15,llama8b,openrouter,meta-llama/llama-3.1-8b-instruct,P3_strict_interchangeability,L7_application,L7 — Application,15,The team uses {TECH} for service-layer communication.,7,True,,True,1,26,25,,,,,False
llama8b__L7_application__16,llama8b,openrouter,meta-llama/llama-3.1-8b-instruct,P3_strict_interchangeability,L7_application,L7 — Application,16,The application uses {TECH} for service communication.,7,True,,True,1,26,25,,,,,False
llama8b__L7_application__17,llama8b,openrouter,meta-llama/llama-3.1-8b-instruct,P3_strict_interchangeability,L7_application,L7 — Application,17,The client uses {TECH} for application communication.,7,True,,True,1,26,25,,,,,False
llama8b__L7_application__18,llama8b,openrouter,meta-llama/llama-3.1-8b-instruct,P3_strict_interchangeability,L7_application,L7 — Application,18,The system uses {TECH} for backend communication.,7,True,,True,1,26,25,,,,,False
llama8b__L7_application__19,llama8b,openrouter,meta-llama/llama-3.1-8b-instruct,P3_strict_interchangeability,L7_application,L7 — Application,19,The components use {TECH} for service communication.,7,True,,True,1,26,25,,,,,False
llama8b__L7_application__20,llama8b,openrouter,meta-llama/llama-3.1-8b-instruct,P3_strict_interchangeability,L7_application,L7 — Application,20,The service uses {TECH} for client communication.,7,True,,True,1,26,25,,,,,False
llama8b__L7_application__21,llama8b,openrouter,meta-llama/llama-3.1-8b-instruct,P3_strict_interchangeability,L7_application,L7 — Application,21,The backend uses {TECH} for application communication.,7,True,,True,1,26,25,,,,,False
llama8b__L7_application__22,llama8b,openrouter,meta-llama/llama-3.1-8b-instruct,P3_strict_interchangeability,L7_application,L7 — Application,22,The application uses {TECH} for service-oriented architecture.,7,True,,True,1,26,25,,,,,True
llama8b__L7_application__23,llama8b,openrouter,meta-llama/llama-3.1-8b-instruct,P3_strict_interchangeability,L7_application,L7 — Application,23,The system uses {TECH} for network services.,7,True,,True,1,26,25,,,,,False
llama8b__L7_application__24,llama8b,openrouter,meta-llama/llama-3.1-8b-instruct,P3_strict_interchangeability,L7_application,L7 — Application,24,The team uses {TECH} for service communication.,7,True,,True,1,26,25,,,,,False
llama8b__L7_application__25,llama8b,openrouter,meta-llama/llama-3.1-8b-instruct,P3_strict_interchangeability,L7_application,L7 — Application,25,The service uses {TECH} for application communication.,7,True,,True,1,26,25,,,,,False
llama8b__X_language__1,llama8b,openrouter,meta-llama/llama-3.1-8b-instruct,P3_strict_interchangeability,X_language,"Programming, Scripting, and Markup Languages",1,The team uses {TECH} for the project.,7,True,,True,1,27,25,,,,,True
llama8b__X_language__2,llama8b,openrouter,meta-llama/llama-3.1-8b-instruct,P3_strict_interchangeability,X_language,"Programming, Scripting, and Markup Languages",2,The developers work with {TECH} during development.,7,True,,True,1,27,25,,,,,False
llama8b__X_language__3,llama8b,openrouter,meta-llama/llama-3.1-8b-instruct,P3_strict_interchangeability,X_language,"Programming, Scripting, and Markup Languages",3,The project employs {TECH} for development.,6,True,,True,1,27,25,,,,,False
llama8b__X_language__4,llama8b,openrouter,meta-llama/llama-3.1-8b-instruct,P3_strict_interchangeability,X_language,"Programming, Scripting, and Markup Languages",4,The engineers utilize {TECH} in the codebase.,7,True,,True,1,27,25,,,,,False
llama8b__X_language__5,llama8b,openrouter,meta-llama/llama-3.1-8b-instruct,P3_strict_interchangeability,X_language,"Programming, Scripting, and Markup Languages",5,The project integrates {TECH} into the software.,7,True,,True,1,27,25,,,,,False
llama8b__X_language__6,llama8b,openrouter,meta-llama/llama-3.1-8b-instruct,P3_strict_interchangeability,X_language,"Programming, Scripting, and Markup Languages",6,The team relies on {TECH} for coding.,7,True,,True,1,27,25,,,,,False
llama8b__X_language__7,llama8b,openrouter,meta-llama/llama-3.1-8b-instruct,P3_strict_interchangeability,X_language,"Programming, Scripting, and Markup Languages",7,The developers implement {TECH} in the project.,7,True,,True,1,27,25,,,,,False
llama8b__X_language__8,llama8b,openrouter,meta-llama/llama-3.1-8b-instruct,P3_strict_interchangeability,X_language,"Programming, Scripting, and Markup Languages",8,The software is written using {TECH}.,6,True,,True,1,27,25,,,,,False
llama8b__X_language__9,llama8b,openrouter,meta-llama/llama-3.1-8b-instruct,P3_strict_interchangeability,X_language,"Programming, Scripting, and Markup Languages",9,The team leverages {TECH} for development tasks.,7,True,,True,1,27,25,,,,,False
llama8b__X_language__10,llama8b,openrouter,meta-llama/llama-3.1-8b-instruct,P3_strict_interchangeability,X_language,"Programming, Scripting, and Markup Languages",10,The project builds with {TECH}.,5,True,,True,1,27,25,,,,,False
llama8b__X_language__11,llama8b,openrouter,meta-llama/llama-3.1-8b-instruct,P3_strict_interchangeability,X_language,"Programming, Scripting, and Markup Languages",11,The engineers write {TECH} for the project.,7,True,,True,1,27,25,,,,,False
llama8b__X_language__12,llama8b,openrouter,meta-llama/llama-3.1-8b-instruct,P3_strict_interchangeability,X_language,"Programming, Scripting, and Markup Languages",12,The team adopts {TECH} for coding standards.,7,True,,True,1,27,25,,,,,False
llama8b__X_language__13,llama8b,openrouter,meta-llama/llama-3.1-8b-instruct,P3_strict_interchangeability,X_language,"Programming, Scripting, and Markup Languages",13,The software is built with {TECH}.,6,True,,True,1,27,25,,,,,False
llama8b__X_language__14,llama8b,openrouter,meta-llama/llama-3.1-8b-instruct,P3_strict_interchangeability,X_language,"Programming, Scripting, and Markup Languages",14,The developers collaborate with {TECH} on the project.,8,True,,True,1,27,25,,,,,False
llama8b__X_language__15,llama8b,openrouter,meta-llama/llama-3.1-8b-instruct,P3_strict_interchangeability,X_language,"Programming, Scripting, and Markup Languages",15,The project utilizes {TECH} in its architecture.,7,True,,True,1,27,25,,,,,False
llama8b__X_language__16,llama8b,openrouter,meta-llama/llama-3.1-8b-instruct,P3_strict_interchangeability,X_language,"Programming, Scripting, and Markup Languages",16,The team utilizes {TECH} in their workflow.,7,True,,True,1,27,25,,,,,False
llama8b__X_language__17,llama8b,openrouter,meta-llama/llama-3.1-8b-instruct,P3_strict_interchangeability,X_language,"Programming, Scripting, and Markup Languages",17,The engineers incorporate {TECH} into the codebase.,7,True,,True,1,27,25,,,,,False
llama8b__X_language__18,llama8b,openrouter,meta-llama/llama-3.1-8b-instruct,P3_strict_interchangeability,X_language,"Programming, Scripting, and Markup Languages",18,The project uses {TECH} for testing.,6,True,,True,1,27,25,,,,,False
llama8b__X_language__19,llama8b,openrouter,meta-llama/llama-3.1-8b-instruct,P3_strict_interchangeability,X_language,"Programming, Scripting, and Markup Languages",19,The team integrates {TECH} into the development process.,8,True,,True,1,27,25,,,,,False
llama8b__X_language__20,llama8b,openrouter,meta-llama/llama-3.1-8b-instruct,P3_strict_interchangeability,X_language,"Programming, Scripting, and Markup Languages",20,The developers apply {TECH} to the project.,7,True,,True,1,27,25,,,,,False
llama8b__X_language__21,llama8b,openrouter,meta-llama/llama-3.1-8b-instruct,P3_strict_interchangeability,X_language,"Programming, Scripting, and Markup Languages",21,The software is designed with {TECH}.,6,True,,True,1,27,25,,,,,False
llama8b__X_language__22,llama8b,openrouter,meta-llama/llama-3.1-8b-instruct,P3_strict_interchangeability,X_language,"Programming, Scripting, and Markup Languages",22,The team works with {TECH} on the project.,8,True,,True,1,27,25,,,,,False
llama8b__X_language__23,llama8b,openrouter,meta-llama/llama-3.1-8b-instruct,P3_strict_interchangeability,X_language,"Programming, Scripting, and Markup Languages",23,The project adopts {TECH} as a standard.,7,True,,True,1,27,25,,,,,False
llama8b__X_language__24,llama8b,openrouter,meta-llama/llama-3.1-8b-instruct,P3_strict_interchangeability,X_language,"Programming, Scripting, and Markup Languages",24,The engineers develop {TECH} for the project.,7,True,,True,1,27,25,,,,,False
llama8b__X_language__25,llama8b,openrouter,meta-llama/llama-3.1-8b-instruct,P3_strict_interchangeability,X_language,"Programming, Scripting, and Markup Languages",25,The team implements {TECH} in the software.,7,True,,True,1,27,25,,,,,False
llama8b__X_database__1,llama8b,openrouter,meta-llama/llama-3.1-8b-instruct,P3_strict_interchangeability,X_database,Databases,1,The application uses {TECH} for data storage.,7,True,,True,1,26,25,,,,,False
llama8b__X_database__2,llama8b,openrouter,meta-llama/llama-3.1-8b-instruct,P3_strict_interchangeability,X_database,Databases,2,Developers rely on {TECH} for managing project data.,8,True,,True,1,26,25,,,,,False
llama8b__X_database__3,llama8b,openrouter,meta-llama/llama-3.1-8b-instruct,P3_strict_interchangeability,X_database,Databases,3,The project stores its data using {TECH}.,7,True,,True,1,26,25,,,,,False
llama8b__X_database__4,llama8b,openrouter,meta-llama/llama-3.1-8b-instruct,P3_strict_interchangeability,X_database,Databases,4,The system uses {TECH} for storing application data.,8,True,,True,1,26,25,,,,,False
llama8b__X_database__5,llama8b,openrouter,meta-llama/llama-3.1-8b-instruct,P3_strict_interchangeability,X_database,Databases,5,The backend relies on {TECH} for data management.,8,True,,True,1,26,25,,,,,False
llama8b__X_database__6,llama8b,openrouter,meta-llama/llama-3.1-8b-instruct,P3_strict_interchangeability,X_database,Databases,6,The team uses {TECH} as the project database.,8,True,,True,1,26,25,,,,,False
llama8b__X_database__7,llama8b,openrouter,meta-llama/llama-3.1-8b-instruct,P3_strict_interchangeability,X_database,Databases,7,Engineers store application data in {TECH}.,6,True,,True,1,26,25,,,,,False
llama8b__X_database__8,llama8b,openrouter,meta-llama/llama-3.1-8b-instruct,P3_strict_interchangeability,X_database,Databases,8,The service uses {TECH} for storing project data.,8,True,,True,1,26,25,,,,,False
llama8b__X_database__9,llama8b,openrouter,meta-llama/llama-3.1-8b-instruct,P3_strict_interchangeability,X_database,Databases,9,The project utilizes {TECH} for data storage.,7,True,,True,1,26,25,,,,,False
llama8b__X_database__10,llama8b,openrouter,meta-llama/llama-3.1-8b-instruct,P3_strict_interchangeability,X_database,Databases,10,The system stores data in {TECH}.,6,True,,True,1,26,25,,,,,False
llama8b__X_database__11,llama8b,openrouter,meta-llama/llama-3.1-8b-instruct,P3_strict_interchangeability,X_database,Databases,11,The application uses {TECH} for managing data.,7,True,,True,1,26,25,,,,,False
llama8b__X_database__12,llama8b,openrouter,meta-llama/llama-3.1-8b-instruct,P3_strict_interchangeability,X_database,Databases,12,The team relies on {TECH} for project data storage.,9,True,,True,1,26,25,,,,,False
llama8b__X_database__13,llama8b,openrouter,meta-llama/llama-3.1-8b-instruct,P3_strict_interchangeability,X_database,Databases,13,Developers use {TECH} for storing application data.,7,True,,True,1,26,25,,,,,False
llama8b__X_database__14,llama8b,openrouter,meta-llama/llama-3.1-8b-instruct,P3_strict_interchangeability,X_database,Databases,14,The application stores its data in {TECH}.,7,True,,True,1,26,25,,,,,False
llama8b__X_database__15,llama8b,openrouter,meta-llama/llama-3.1-8b-instruct,P3_strict_interchangeability,X_database,Databases,15,The service relies on {TECH} for managing project data.,9,True,,True,1,26,25,,,,,False
llama8b__X_database__16,llama8b,openrouter,meta-llama/llama-3.1-8b-instruct,P3_strict_interchangeability,X_database,Databases,16,The team uses {TECH} for the project database.,8,True,,True,1,26,25,,,,,False
llama8b__X_database__17,llama8b,openrouter,meta-llama/llama-3.1-8b-instruct,P3_strict_interchangeability,X_database,Databases,17,The backend uses {TECH} for storing project data.,8,True,,True,1,26,25,,,,,False
llama8b__X_database__18,llama8b,openrouter,meta-llama/llama-3.1-8b-instruct,P3_strict_interchangeability,X_database,Databases,18,Engineers use {TECH} for data storage.,6,True,,True,1,26,25,,,,,False
llama8b__X_database__19,llama8b,openrouter,meta-llama/llama-3.1-8b-instruct,P3_strict_interchangeability,X_database,Databases,19,The project uses {TECH} for data management.,7,True,,True,1,26,25,,,,,False
llama8b__X_database__20,llama8b,openrouter,meta-llama/llama-3.1-8b-instruct,P3_strict_interchangeability,X_database,Databases,20,The system uses {TECH} for application data storage.,8,True,,True,1,26,25,,,,,False
llama8b__X_database__21,llama8b,openrouter,meta-llama/llama-3.1-8b-instruct,P3_strict_interchangeability,X_database,Databases,21,The application relies on {TECH} for data management.,8,True,,True,1,26,25,,,,,False
llama8b__X_database__22,llama8b,openrouter,meta-llama/llama-3.1-8b-instruct,P3_strict_interchangeability,X_database,Databases,22,The team stores project data in {TECH}.,7,True,,True,1,26,25,,,,,False
llama8b__X_database__23,llama8b,openrouter,meta-llama/llama-3.1-8b-instruct,P3_strict_interchangeability,X_database,Databases,23,Developers store application data using {TECH}.,6,True,,True,1,26,25,,,,,False
llama8b__X_database__24,llama8b,openrouter,meta-llama/llama-3.1-8b-instruct,P3_strict_interchangeability,X_database,Databases,24,The service uses {TECH} as the project database.,8,True,,True,1,26,25,,,,,False
llama8b__X_database__25,llama8b,openrouter,meta-llama/llama-3.1-8b-instruct,P3_strict_interchangeability,X_database,Databases,25,The project uses {TECH} for storing data.,7,True,,True,1,26,25,,,,,False
llama8b__X_cloud_development__1,llama8b,openrouter,meta-llama/llama-3.1-8b-instruct,P3_strict_interchangeability,X_cloud_development,Cloud Development,1,The team uses {TECH} for the project.,7,True,,True,1,27,25,,,,,True
llama8b__X_cloud_development__2,llama8b,openrouter,meta-llama/llama-3.1-8b-instruct,P3_strict_interchangeability,X_cloud_development,Cloud Development,2,Developers work with {TECH} during development.,6,True,,True,1,27,25,,,,,False
llama8b__X_cloud_development__3,llama8b,openrouter,meta-llama/llama-3.1-8b-instruct,P3_strict_interchangeability,X_cloud_development,Cloud Development,3,The project workflow includes {TECH}.,5,True,,True,1,27,25,,,,,False
llama8b__X_cloud_development__4,llama8b,openrouter,meta-llama/llama-3.1-8b-instruct,P3_strict_interchangeability,X_cloud_development,Cloud Development,4,Engineers rely on {TECH} in their workflow.,7,True,,True,1,27,25,,,,,False
llama8b__X_cloud_development__5,llama8b,openrouter,meta-llama/llama-3.1-8b-instruct,P3_strict_interchangeability,X_cloud_development,Cloud Development,5,The application workflow incorporates {TECH}.,5,True,,True,1,27,25,,,,,False
llama8b__X_cloud_development__6,llama8b,openrouter,meta-llama/llama-3.1-8b-instruct,P3_strict_interchangeability,X_cloud_development,Cloud Development,6,The development team employs {TECH} in their pipeline.,8,True,,True,1,27,25,,,,,False
llama8b__X_cloud_development__7,llama8b,openrouter,meta-llama/llama-3.1-8b-instruct,P3_strict_interchangeability,X_cloud_development,Cloud Development,7,The project team utilizes {TECH} for development.,7,True,,True,1,27,25,,,,,False
llama8b__X_cloud_development__8,llama8b,openrouter,meta-llama/llama-3.1-8b-instruct,P3_strict_interchangeability,X_cloud_development,Cloud Development,8,{TECH} is utilized by the development team.,7,True,,True,1,27,25,,,,,False
llama8b__X_cloud_development__9,llama8b,openrouter,meta-llama/llama-3.1-8b-instruct,P3_strict_interchangeability,X_cloud_development,Cloud Development,9,The project includes {TECH} as a development tool.,8,True,,True,1,27,25,,,,,False
llama8b__X_cloud_development__10,llama8b,openrouter,meta-llama/llama-3.1-8b-instruct,P3_strict_interchangeability,X_cloud_development,Cloud Development,10,Developers collaborate using {TECH}.,4,False,too_short,False,1,27,25,,,,,False
llama8b__X_cloud_development__11,llama8b,openrouter,meta-llama/llama-3.1-8b-instruct,P3_strict_interchangeability,X_cloud_development,Cloud Development,11,The project workflow leverages {TECH}.,5,True,,True,1,27,25,,,,,False
llama8b__X_cloud_development__12,llama8b,openrouter,meta-llama/llama-3.1-8b-instruct,P3_strict_interchangeability,X_cloud_development,Cloud Development,12,The development team works with {TECH}.,6,True,,True,1,27,25,,,,,False
llama8b__X_cloud_development__13,llama8b,openrouter,meta-llama/llama-3.1-8b-instruct,P3_strict_interchangeability,X_cloud_development,Cloud Development,13,The project uses {TECH} for development.,6,True,,True,1,27,25,,,,,False
llama8b__X_cloud_development__14,llama8b,openrouter,meta-llama/llama-3.1-8b-instruct,P3_strict_interchangeability,X_cloud_development,Cloud Development,14,The development process involves {TECH}.,5,True,,True,1,27,25,,,,,False
llama8b__X_cloud_development__15,llama8b,openrouter,meta-llama/llama-3.1-8b-instruct,P3_strict_interchangeability,X_cloud_development,Cloud Development,15,The team uses {TECH} in development.,6,True,,True,1,27,25,,,,,False
llama8b__X_cloud_development__16,llama8b,openrouter,meta-llama/llama-3.1-8b-instruct,P3_strict_interchangeability,X_cloud_development,Cloud Development,16,The project workflow integrates {TECH}.,5,True,,True,1,27,25,,,,,False
llama8b__X_cloud_development__17,llama8b,openrouter,meta-llama/llama-3.1-8b-instruct,P3_strict_interchangeability,X_cloud_development,Cloud Development,17,The development team relies on {TECH}.,6,True,,True,1,27,25,,,,,False
llama8b__X_cloud_development__18,llama8b,openrouter,meta-llama/llama-3.1-8b-instruct,P3_strict_interchangeability,X_cloud_development,Cloud Development,18,Engineers utilize {TECH} in their workflow.,6,True,,True,1,27,25,,,,,False
llama8b__X_cloud_development__19,llama8b,openrouter,meta-llama/llama-3.1-8b-instruct,P3_strict_interchangeability,X_cloud_development,Cloud Development,19,The project includes {TECH}.,4,False,too_short,False,1,27,25,,,,,False
llama8b__X_cloud_development__20,llama8b,openrouter,meta-llama/llama-3.1-8b-instruct,P3_strict_interchangeability,X_cloud_development,Cloud Development,20,The development team employs {TECH}.,5,True,,True,1,27,25,,,,,False
llama8b__X_cloud_development__21,llama8b,openrouter,meta-llama/llama-3.1-8b-instruct,P3_strict_interchangeability,X_cloud_development,Cloud Development,21,The project workflow includes {TECH} as a step.,8,True,,True,1,27,25,,,,,False
llama8b__X_cloud_development__22,llama8b,openrouter,meta-llama/llama-3.1-8b-instruct,P3_strict_interchangeability,X_cloud_development,Cloud Development,22,The development team uses {TECH}.,5,True,,True,1,27,25,,,,,False
llama8b__X_cloud_development__23,llama8b,openrouter,meta-llama/llama-3.1-8b-instruct,P3_strict_interchangeability,X_cloud_development,Cloud Development,23,The development process involves {TECH} and other tools.,8,True,,True,1,27,25,,,,,False
llama8b__X_cloud_development__24,llama8b,openrouter,meta-llama/llama-3.1-8b-instruct,P3_strict_interchangeability,X_cloud_development,Cloud Development,24,Engineers work with {TECH}.,4,False,too_short,False,1,27,25,,,,,False
llama8b__X_cloud_development__25,llama8b,openrouter,meta-llama/llama-3.1-8b-instruct,P3_strict_interchangeability,X_cloud_development,Cloud Development,25,The project uses {TECH}.,4,False,too_short,False,1,27,25,,,,,False
llama8b__X_web_technology__1,llama8b,openrouter,meta-llama/llama-3.1-8b-instruct,P3_strict_interchangeability,X_web_technology,Web Frameworks and Technologies,1,The development team develops the web application with {TECH}.,9,True,,True,1,28,25,,,,,False
llama8b__X_web_technology__2,llama8b,openrouter,meta-llama/llama-3.1-8b-instruct,P3_strict_interchangeability,X_web_technology,Web Frameworks and Technologies,2,The web project uses {TECH} for web development.,8,True,,True,1,28,25,,,,,False
llama8b__X_web_technology__3,llama8b,openrouter,meta-llama/llama-3.1-8b-instruct,P3_strict_interchangeability,X_web_technology,Web Frameworks and Technologies,3,Developers employ {TECH} in the web development process.,8,True,,True,1,28,25,,,,,False
llama8b__X_web_technology__4,llama8b,openrouter,meta-llama/llama-3.1-8b-instruct,P3_strict_interchangeability,X_web_technology,Web Frameworks and Technologies,4,The web application is developed with {TECH} technology.,8,True,,True,1,28,25,,,,,True
llama8b__X_web_technology__5,llama8b,openrouter,meta-llama/llama-3.1-8b-instruct,P3_strict_interchangeability,X_web_technology,Web Frameworks and Technologies,5,The project team utilizes {TECH} for web application development.,9,True,,True,1,28,25,,,,,False
llama8b__X_web_technology__6,llama8b,openrouter,meta-llama/llama-3.1-8b-instruct,P3_strict_interchangeability,X_web_technology,Web Frameworks and Technologies,6,The web development team uses {TECH} for their projects.,9,True,,True,1,28,25,,,,,False
llama8b__X_web_technology__7,llama8b,openrouter,meta-llama/llama-3.1-8b-instruct,P3_strict_interchangeability,X_web_technology,Web Frameworks and Technologies,7,The web application is built with {TECH} technology.,8,True,,True,1,28,25,,,,,False
llama8b__X_web_technology__8,llama8b,openrouter,meta-llama/llama-3.1-8b-instruct,P3_strict_interchangeability,X_web_technology,Web Frameworks and Technologies,8,The development team uses {TECH} for their web projects.,9,True,,True,1,28,25,,,,,False
llama8b__X_web_technology__9,llama8b,openrouter,meta-llama/llama-3.1-8b-instruct,P3_strict_interchangeability,X_web_technology,Web Frameworks and Technologies,9,The web development process involves using {TECH}.,7,True,,True,1,28,25,,,,,False
llama8b__X_web_technology__10,llama8b,openrouter,meta-llama/llama-3.1-8b-instruct,P3_strict_interchangeability,X_web_technology,Web Frameworks and Technologies,10,The web project is managed with {TECH} technology.,8,True,,True,1,28,25,,,,,False
llama8b__X_web_technology__11,llama8b,openrouter,meta-llama/llama-3.1-8b-instruct,P3_strict_interchangeability,X_web_technology,Web Frameworks and Technologies,11,Developers integrate {TECH} into their web projects.,7,True,,True,1,28,25,,,,,False
llama8b__X_web_technology__12,llama8b,openrouter,meta-llama/llama-3.1-8b-instruct,P3_strict_interchangeability,X_web_technology,Web Frameworks and Technologies,12,The web application development team uses {TECH}.,7,True,,True,1,28,25,,,,,False
llama8b__X_web_technology__13,llama8b,openrouter,meta-llama/llama-3.1-8b-instruct,P3_strict_interchangeability,X_web_technology,Web Frameworks and Technologies,13,The project employs {TECH} for web application development.,8,True,,True,1,28,25,,,,,False
llama8b__X_web_technology__14,llama8b,openrouter,meta-llama/llama-3.1-8b-instruct,P3_strict_interchangeability,X_web_technology,Web Frameworks and Technologies,14,The web development team works with {TECH} technology.,8,True,,True,1,28,25,,,,,False
llama8b__X_web_technology__15,llama8b,openrouter,meta-llama/llama-3.1-8b-instruct,P3_strict_interchangeability,X_web_technology,Web Frameworks and Technologies,15,The team develops the web application using {TECH}.,8,True,,True,1,28,25,,,,,False
llama8b__X_web_technology__16,llama8b,openrouter,meta-llama/llama-3.1-8b-instruct,P3_strict_interchangeability,X_web_technology,Web Frameworks and Technologies,16,The web project is developed with {TECH}.,7,True,,True,1,28,25,,,,,False
llama8b__X_web_technology__17,llama8b,openrouter,meta-llama/llama-3.1-8b-instruct,P3_strict_interchangeability,X_web_technology,Web Frameworks and Technologies,17,Developers use {TECH} for web application development.,7,True,,True,1,28,25,,,,,False
llama8b__X_web_technology__18,llama8b,openrouter,meta-llama/llama-3.1-8b-instruct,P3_strict_interchangeability,X_web_technology,Web Frameworks and Technologies,18,The web application is built using {TECH} technology.,8,True,,True,1,28,25,,,,,False
llama8b__X_web_technology__19,llama8b,openrouter,meta-llama/llama-3.1-8b-instruct,P3_strict_interchangeability,X_web_technology,Web Frameworks and Technologies,19,The development team works with {TECH} for web projects.,9,True,,True,1,28,25,,,,,False
llama8b__X_web_technology__20,llama8b,openrouter,meta-llama/llama-3.1-8b-instruct,P3_strict_interchangeability,X_web_technology,Web Frameworks and Technologies,20,The web project is managed by the team using {TECH}.,10,True,,True,1,28,25,,,,,False
llama8b__X_web_technology__21,llama8b,openrouter,meta-llama/llama-3.1-8b-instruct,P3_strict_interchangeability,X_web_technology,Web Frameworks and Technologies,21,Developers integrate {TECH} into web application development.,7,True,,True,1,28,25,,,,,False
llama8b__X_web_technology__22,llama8b,openrouter,meta-llama/llama-3.1-8b-instruct,P3_strict_interchangeability,X_web_technology,Web Frameworks and Technologies,22,The web development team uses {TECH} for web projects.,9,True,,True,1,28,25,,,,,False
llama8b__X_web_technology__23,llama8b,openrouter,meta-llama/llama-3.1-8b-instruct,P3_strict_interchangeability,X_web_technology,Web Frameworks and Technologies,23,The web application is developed with {TECH} technology.,8,True,,True,1,28,25,,,,,True
llama8b__X_web_technology__24,llama8b,openrouter,meta-llama/llama-3.1-8b-instruct,P3_strict_interchangeability,X_web_technology,Web Frameworks and Technologies,24,The project team uses {TECH} for web application development.,9,True,,True,1,28,25,,,,,False
llama8b__X_web_technology__25,llama8b,openrouter,meta-llama/llama-3.1-8b-instruct,P3_strict_interchangeability,X_web_technology,Web Frameworks and Technologies,25,The web project employs {TECH} technology.,6,True,,True,1,28,25,,,,,False
llama8b__X_ide__1,llama8b,openrouter,meta-llama/llama-3.1-8b-instruct,P3_strict_interchangeability,X_ide,Development IDEs and Editors,1,The team uses {TECH} for the project.,7,True,,True,2,25,25,,,,,True
llama8b__X_ide__2,llama8b,openrouter,meta-llama/llama-3.1-8b-instruct,P3_strict_interchangeability,X_ide,Development IDEs and Editors,2,Developers work in {TECH} while developing software.,7,True,,True,2,25,25,,,,,False
llama8b__X_ide__3,llama8b,openrouter,meta-llama/llama-3.1-8b-instruct,P3_strict_interchangeability,X_ide,Development IDEs and Editors,3,The engineer uses {TECH} to edit project code.,8,True,,True,2,25,25,,,,,False
llama8b__X_ide__4,llama8b,openrouter,meta-llama/llama-3.1-8b-instruct,P3_strict_interchangeability,X_ide,Development IDEs and Editors,4,The developers use {TECH} for development.,6,True,,True,2,25,25,,,,,False
llama8b__X_ide__5,llama8b,openrouter,meta-llama/llama-3.1-8b-instruct,P3_strict_interchangeability,X_ide,Development IDEs and Editors,5,The team works with {TECH} for software development.,8,True,,True,2,25,25,,,,,False
llama8b__X_ide__6,llama8b,openrouter,meta-llama/llama-3.1-8b-instruct,P3_strict_interchangeability,X_ide,Development IDEs and Editors,6,The engineer works in {TECH} while developing software.,8,True,,True,2,25,25,,,,,False
llama8b__X_ide__7,llama8b,openrouter,meta-llama/llama-3.1-8b-instruct,P3_strict_interchangeability,X_ide,Development IDEs and Editors,7,Developers use {TECH} to edit project code.,7,True,,True,2,25,25,,,,,False
llama8b__X_ide__8,llama8b,openrouter,meta-llama/llama-3.1-8b-instruct,P3_strict_interchangeability,X_ide,Development IDEs and Editors,8,The engineer uses {TECH} for development.,6,True,,True,2,25,25,,,,,False
llama8b__X_ide__9,llama8b,openrouter,meta-llama/llama-3.1-8b-instruct,P3_strict_interchangeability,X_ide,Development IDEs and Editors,9,The team uses {TECH} to edit project code.,8,True,,True,2,25,25,,,,,False
llama8b__X_ide__10,llama8b,openrouter,meta-llama/llama-3.1-8b-instruct,P3_strict_interchangeability,X_ide,Development IDEs and Editors,10,Engineers work in {TECH} while developing software.,7,True,,True,2,25,25,,,,,False
llama8b__X_ide__11,llama8b,openrouter,meta-llama/llama-3.1-8b-instruct,P3_strict_interchangeability,X_ide,Development IDEs and Editors,11,The team uses {TECH} while developing software.,7,True,,True,2,25,25,,,,,False
llama8b__X_ide__12,llama8b,openrouter,meta-llama/llama-3.1-8b-instruct,P3_strict_interchangeability,X_ide,Development IDEs and Editors,12,Developers work with {TECH} for development.,6,True,,True,2,25,25,,,,,False
llama8b__X_ide__13,llama8b,openrouter,meta-llama/llama-3.1-8b-instruct,P3_strict_interchangeability,X_ide,Development IDEs and Editors,13,The engineer uses {TECH} for the project.,7,True,,True,2,25,25,,,,,False
llama8b__X_ide__14,llama8b,openrouter,meta-llama/llama-3.1-8b-instruct,P3_strict_interchangeability,X_ide,Development IDEs and Editors,14,The team works in {TECH} for development.,7,True,,True,2,25,25,,,,,False
llama8b__X_ide__15,llama8b,openrouter,meta-llama/llama-3.1-8b-instruct,P3_strict_interchangeability,X_ide,Development IDEs and Editors,15,The developer uses {TECH} to edit project code.,8,True,,True,2,25,25,,,,,False
llama8b__X_ide__16,llama8b,openrouter,meta-llama/llama-3.1-8b-instruct,P3_strict_interchangeability,X_ide,Development IDEs and Editors,16,Developers work in {TECH} for development.,6,True,,True,2,25,25,,,,,False
llama8b__X_ide__17,llama8b,openrouter,meta-llama/llama-3.1-8b-instruct,P3_strict_interchangeability,X_ide,Development IDEs and Editors,17,The engineer uses {TECH} to develop software.,7,True,,True,2,25,25,,,,,False
llama8b__X_ide__18,llama8b,openrouter,meta-llama/llama-3.1-8b-instruct,P3_strict_interchangeability,X_ide,Development IDEs and Editors,18,The team uses {TECH} for software development.,7,True,,True,2,25,25,,,,,False
llama8b__X_ide__19,llama8b,openrouter,meta-llama/llama-3.1-8b-instruct,P3_strict_interchangeability,X_ide,Development IDEs and Editors,19,Engineers work with {TECH} for development.,6,True,,True,2,25,25,,,,,False
llama8b__X_ide__20,llama8b,openrouter,meta-llama/llama-3.1-8b-instruct,P3_strict_interchangeability,X_ide,Development IDEs and Editors,20,The team uses {TECH} to develop software.,7,True,,True,2,25,25,,,,,False
llama8b__X_ide__21,llama8b,openrouter,meta-llama/llama-3.1-8b-instruct,P3_strict_interchangeability,X_ide,Development IDEs and Editors,21,Developers work with {TECH} while developing software.,7,True,,True,2,25,25,,,,,False
llama8b__X_ide__22,llama8b,openrouter,meta-llama/llama-3.1-8b-instruct,P3_strict_interchangeability,X_ide,Development IDEs and Editors,22,The engineer works with {TECH} for development.,7,True,,True,2,25,25,,,,,False
llama8b__X_ide__23,llama8b,openrouter,meta-llama/llama-3.1-8b-instruct,P3_strict_interchangeability,X_ide,Development IDEs and Editors,23,The team works with {TECH} to edit project code.,9,True,,True,2,25,25,,,,,False
llama8b__X_ide__24,llama8b,openrouter,meta-llama/llama-3.1-8b-instruct,P3_strict_interchangeability,X_ide,Development IDEs and Editors,24,The developer uses {TECH} while developing software.,7,True,,True,2,25,25,,,,,False
llama8b__X_ide__25,llama8b,openrouter,meta-llama/llama-3.1-8b-instruct,P3_strict_interchangeability,X_ide,Development IDEs and Editors,25,Engineers use {TECH} for the project.,6,True,,True,2,25,25,,,,,False
